,files
0,../../../../../../../database/Graphene/300/Graphene300_14
1,../../../../../../../database/Graphene/300/Graphene300_62
2,../../../../../../../database/Graphene/300/Graphene300_87
3,../../../../../../../database/Graphene/300/Graphene300_18
4,../../../../../../../database/Graphene/300/Graphene300_68
5,../../../../../../../database/Graphene/300/Graphene300_42
6,../../../../../../../database/Graphene/300/Graphene300_92
7,../../../../../../../database/Graphene/300/Graphene300_53
8,../../../../../../../database/Graphene/300/Graphene300_29
9,../../../../../../../database/Graphene/300/Graphene300_83
10,../../../../../../../database/Graphene/300/Graphene300_3
11,../../../../../../../database/Graphene/300/Graphene300_25
12,../../../../../../../database/Graphene/300/Graphene300_91
13,../../../../../../../database/Graphene/300/Graphene300_81
14,../../../../../../../database/Graphene/300/Graphene300_59
15,../../../../../../../database/Graphene/300/Graphene300_97
16,../../../../../../../database/Graphene/300/Graphene300_32
17,../../../../../../../database/Graphene/300/Graphene300_2
18,../../../../../../../database/Graphene/300/Graphene300_70
19,../../../../../../../database/Graphene/300/Graphene300_51
20,../../../../../../../database/Graphene/300/Graphene300_23
21,../../../../../../../database/Graphene/300/Graphene300_48
22,../../../../../../../database/Graphene/300/Graphene300_43
23,../../../../../../../database/Graphene/300/Graphene300_12
24,../../../../../../../database/Graphene/300/Graphene300_69
25,../../../../../../../database/Graphene/300/Graphene300_4
26,../../../../../../../database/Graphene/300/Graphene300_72
27,../../../../../../../database/Graphene/300/Graphene300_16
28,../../../../../../../database/Graphene/300/Graphene300_9
29,../../../../../../../database/Graphene/300/Graphene300_28
30,../../../../../../../database/Graphene/300/Graphene300_71
31,../../../../../../../database/Graphene/300/Graphene300_66
32,../../../../../../../database/Graphene/300/Graphene300_89
33,../../../../../../../database/Graphene/300/Graphene300_90
34,../../../../../../../database/Graphene/300/Graphene300_39
35,../../../../../../../database/Graphene/300/Graphene300_85
36,../../../../../../../database/Graphene/300/Graphene300_21
37,../../../../../../../database/Graphene/300/Graphene300_8
38,../../../../../../../database/Graphene/300/Graphene300_20
39,../../../../../../../database/Graphene/300/Graphene300_61
40,../../../../../../../database/Graphene/300/Graphene300_31
41,../../../../../../../database/Graphene/300/Graphene300_44
42,../../../../../../../database/Graphene/300/Graphene300_46
43,../../../../../../../database/Graphene/300/Graphene300_94
44,../../../../../../../database/Graphene/300/Graphene300_19
45,../../../../../../../database/Graphene/300/Graphene300_77
46,../../../../../../../database/Graphene/300/Graphene300_47
47,../../../../../../../database/Graphene/300/Graphene300_64
48,../../../../../../../database/Graphene/300/Graphene300_5
49,../../../../../../../database/Graphene/300/Graphene300_30
50,../../../../../../../database/Graphene/300/Graphene300_7
51,../../../../../../../database/Graphene/300/Graphene300_99
52,../../../../../../../database/Graphene/300/Graphene300_37
53,../../../../../../../database/Graphene/300/Graphene300_86
54,../../../../../../../database/Graphene/300/Graphene300_40
55,../../../../../../../database/Graphene/300/Graphene300_57
56,../../../../../../../database/Graphene/300/Graphene300_41
57,../../../../../../../database/Graphene/300/Graphene300_17
58,../../../../../../../database/Graphene/300/Graphene300_88
59,../../../../../../../database/Graphene/300/Graphene300_15
60,../../../../../../../database/Graphene/300/Graphene300_10
61,../../../../../../../database/Graphene/300/Graphene300_1
62,../../../../../../../database/Graphene/300/Graphene300_95
63,../../../../../../../database/Graphene/300/Graphene300_55
64,../../../../../../../database/Graphene/300/Graphene300_52
65,../../../../../../../database/Graphene/300/Graphene300_26
66,../../../../../../../database/Graphene/300/Graphene300_58
67,../../../../../../../database/Graphene/300/Graphene300_98
68,../../../../../../../database/Graphene/300/Graphene300_82
69,../../../../../../../database/Graphene/300/Graphene300_11
70,../../../../../../../database/Graphene/300/Graphene300_78
71,../../../../../../../database/Graphene/300/Graphene300_79
72,../../../../../../../database/Graphene/300/Graphene300_100
73,../../../../../../../database/Graphene/300/Graphene300_24
74,../../../../../../../database/Graphene/300/Graphene300_63
75,../../../../../../../database/Graphene/300/Graphene300_50
76,../../../../../../../database/Graphene/300/Graphene300_27
77,../../../../../../../database/Graphene/300/Graphene300_54
78,../../../../../../../database/Graphene/300/Graphene300_56
79,../../../../../../../database/Graphene/300/Graphene300_80
80,../../../../../../../database/Graphene/600/Graphene600_91
81,../../../../../../../database/Graphene/600/Graphene600_5
82,../../../../../../../database/Graphene/600/Graphene600_50
83,../../../../../../../database/Graphene/600/Graphene600_97
84,../../../../../../../database/Graphene/600/Graphene600_46
85,../../../../../../../database/Graphene/600/Graphene600_14
86,../../../../../../../database/Graphene/600/Graphene600_1
87,../../../../../../../database/Graphene/600/Graphene600_42
88,../../../../../../../database/Graphene/600/Graphene600_62
89,../../../../../../../database/Graphene/600/Graphene600_72
90,../../../../../../../database/Graphene/600/Graphene600_93
91,../../../../../../../database/Graphene/600/Graphene600_99
92,../../../../../../../database/Graphene/600/Graphene600_19
93,../../../../../../../database/Graphene/600/Graphene600_21
94,../../../../../../../database/Graphene/600/Graphene600_56
95,../../../../../../../database/Graphene/600/Graphene600_83
96,../../../../../../../database/Graphene/600/Graphene600_92
97,../../../../../../../database/Graphene/600/Graphene600_60
98,../../../../../../../database/Graphene/600/Graphene600_59
99,../../../../../../../database/Graphene/600/Graphene600_53
100,../../../../../../../database/Graphene/600/Graphene600_80
101,../../../../../../../database/Graphene/600/Graphene600_65
102,../../../../../../../database/Graphene/600/Graphene600_70
103,../../../../../../../database/Graphene/600/Graphene600_88
104,../../../../../../../database/Graphene/600/Graphene600_24
105,../../../../../../../database/Graphene/600/Graphene600_33
106,../../../../../../../database/Graphene/600/Graphene600_67
107,../../../../../../../database/Graphene/600/Graphene600_81
108,../../../../../../../database/Graphene/600/Graphene600_20
109,../../../../../../../database/Graphene/600/Graphene600_73
110,../../../../../../../database/Graphene/600/Graphene600_18
111,../../../../../../../database/Graphene/600/Graphene600_89
112,../../../../../../../database/Graphene/600/Graphene600_85
113,../../../../../../../database/Graphene/600/Graphene600_34
114,../../../../../../../database/Graphene/600/Graphene600_74
115,../../../../../../../database/Graphene/600/Graphene600_84
116,../../../../../../../database/Graphene/600/Graphene600_71
117,../../../../../../../database/Graphene/600/Graphene600_9
118,../../../../../../../database/Graphene/600/Graphene600_30
119,../../../../../../../database/Graphene/600/Graphene600_37
120,../../../../../../../database/Graphene/600/Graphene600_10
121,../../../../../../../database/Graphene/600/Graphene600_16
122,../../../../../../../database/Graphene/600/Graphene600_8
123,../../../../../../../database/Graphene/600/Graphene600_76
124,../../../../../../../database/Graphene/600/Graphene600_6
125,../../../../../../../database/Graphene/600/Graphene600_41
126,../../../../../../../database/Graphene/600/Graphene600_98
127,../../../../../../../database/Graphene/600/Graphene600_31
128,../../../../../../../database/Graphene/600/Graphene600_86
129,../../../../../../../database/Graphene/600/Graphene600_22
130,../../../../../../../database/Graphene/600/Graphene600_48
131,../../../../../../../database/Graphene/600/Graphene600_63
132,../../../../../../../database/Graphene/600/Graphene600_36
133,../../../../../../../database/Graphene/600/Graphene600_45
134,../../../../../../../database/Graphene/600/Graphene600_49
135,../../../../../../../database/Graphene/600/Graphene600_100
136,../../../../../../../database/Graphene/600/Graphene600_32
137,../../../../../../../database/Graphene/600/Graphene600_13
138,../../../../../../../database/Graphene/600/Graphene600_96
139,../../../../../../../database/Graphene/600/Graphene600_28
140,../../../../../../../database/Graphene/600/Graphene600_12
141,../../../../../../../database/Graphene/600/Graphene600_38
142,../../../../../../../database/Graphene/600/Graphene600_27
143,../../../../../../../database/Graphene/600/Graphene600_79
144,../../../../../../../database/Graphene/600/Graphene600_55
145,../../../../../../../database/Graphene/600/Graphene600_75
146,../../../../../../../database/Graphene/600/Graphene600_95
147,../../../../../../../database/Graphene/600/Graphene600_39
148,../../../../../../../database/Graphene/600/Graphene600_44
149,../../../../../../../database/Graphene/600/Graphene600_29
150,../../../../../../../database/Graphene/600/Graphene600_3
151,../../../../../../../database/Graphene/600/Graphene600_58
152,../../../../../../../database/Graphene/600/Graphene600_43
153,../../../../../../../database/Graphene/600/Graphene600_68
154,../../../../../../../database/Graphene/600/Graphene600_23
155,../../../../../../../database/Graphene/600/Graphene600_17
156,../../../../../../../database/Graphene/600/Graphene600_7
157,../../../../../../../database/Graphene/600/Graphene600_40
158,../../../../../../../database/Graphene/600/Graphene600_57
159,../../../../../../../database/Graphene/600/Graphene600_78
160,../../../../../../../database/C60/300/C60_300_64
161,../../../../../../../database/C60/300/C60_300_31
162,../../../../../../../database/C60/300/C60_300_79
163,../../../../../../../database/C60/300/C60_300_35
164,../../../../../../../database/C60/300/C60_300_95
165,../../../../../../../database/C60/300/C60_300_3
166,../../../../../../../database/C60/300/C60_300_11
167,../../../../../../../database/C60/300/C60_300_69
168,../../../../../../../database/C60/300/C60_300_24
169,../../../../../../../database/C60/300/C60_300_93
170,../../../../../../../database/C60/300/C60_300_86
171,../../../../../../../database/C60/300/C60_300_84
172,../../../../../../../database/C60/300/C60_300_66
173,../../../../../../../database/C60/300/C60_300_68
174,../../../../../../../database/C60/300/C60_300_61
175,../../../../../../../database/C60/300/C60_300_30
176,../../../../../../../database/C60/300/C60_300_37
177,../../../../../../../database/C60/300/C60_300_51
178,../../../../../../../database/C60/300/C60_300_50
179,../../../../../../../database/C60/300/C60_300_99
180,../../../../../../../database/C60/300/C60_300_65
181,../../../../../../../database/C60/300/C60_300_73
182,../../../../../../../database/C60/300/C60_300_59
183,../../../../../../../database/C60/300/C60_300_22
184,../../../../../../../database/C60/300/C60_300_97
185,../../../../../../../database/C60/300/C60_300_78
186,../../../../../../../database/C60/300/C60_300_33
187,../../../../../../../database/C60/300/C60_300_29
188,../../../../../../../database/C60/300/C60_300_15
189,../../../../../../../database/C60/300/C60_300_60
190,../../../../../../../database/C60/300/C60_300_20
191,../../../../../../../database/C60/300/C60_300_71
192,../../../../../../../database/C60/300/C60_300_28
193,../../../../../../../database/C60/300/C60_300_43
194,../../../../../../../database/C60/300/C60_300_57
195,../../../../../../../database/C60/300/C60_300_96
196,../../../../../../../database/C60/300/C60_300_1
197,../../../../../../../database/C60/300/C60_300_34
198,../../../../../../../database/C60/300/C60_300_53
199,../../../../../../../database/C60/300/C60_300_94
200,../../../../../../../database/C60/300/C60_300_40
201,../../../../../../../database/C60/300/C60_300_83
202,../../../../../../../database/C60/300/C60_300_80
203,../../../../../../../database/C60/300/C60_300_36
204,../../../../../../../database/C60/300/C60_300_63
205,../../../../../../../database/C60/300/C60_300_38
206,../../../../../../../database/C60/300/C60_300_2
207,../../../../../../../database/C60/300/C60_300_82
208,../../../../../../../database/C60/300/C60_300_47
209,../../../../../../../database/C60/300/C60_300_6
210,../../../../../../../database/C60/300/C60_300_55
211,../../../../../../../database/C60/300/C60_300_76
212,../../../../../../../database/C60/300/C60_300_21
213,../../../../../../../database/C60/300/C60_300_92
214,../../../../../../../database/C60/300/C60_300_81
215,../../../../../../../database/C60/300/C60_300_100
216,../../../../../../../database/C60/300/C60_300_7
217,../../../../../../../database/C60/300/C60_300_77
218,../../../../../../../database/C60/300/C60_300_13
219,../../../../../../../database/C60/300/C60_300_5
220,../../../../../../../database/C60/300/C60_300_62
221,../../../../../../../database/C60/300/C60_300_45
222,../../../../../../../database/C60/300/C60_300_18
223,../../../../../../../database/C60/300/C60_300_41
224,../../../../../../../database/C60/300/C60_300_8
225,../../../../../../../database/C60/300/C60_300_91
226,../../../../../../../database/C60/300/C60_300_72
227,../../../../../../../database/C60/300/C60_300_10
228,../../../../../../../database/C60/300/C60_300_52
229,../../../../../../../database/C60/300/C60_300_26
230,../../../../../../../database/C60/300/C60_300_9
231,../../../../../../../database/C60/300/C60_300_27
232,../../../../../../../database/C60/300/C60_300_49
233,../../../../../../../database/C60/300/C60_300_42
234,../../../../../../../database/C60/300/C60_300_12
235,../../../../../../../database/C60/300/C60_300_25
236,../../../../../../../database/C60/300/C60_300_58
237,../../../../../../../database/C60/300/C60_300_56
238,../../../../../../../database/C60/300/C60_300_74
239,../../../../../../../database/C60/300/C60_300_19
240,../../../../../../../database/C60/600/C60_600_88
241,../../../../../../../database/C60/600/C60_600_31
242,../../../../../../../database/C60/600/C60_600_35
243,../../../../../../../database/C60/600/C60_600_46
244,../../../../../../../database/C60/600/C60_600_91
245,../../../../../../../database/C60/600/C60_600_92
246,../../../../../../../database/C60/600/C60_600_5
247,../../../../../../../database/C60/600/C60_600_2
248,../../../../../../../database/C60/600/C60_600_72
249,../../../../../../../database/C60/600/C60_600_26
250,../../../../../../../database/C60/600/C60_600_40
251,../../../../../../../database/C60/600/C60_600_30
252,../../../../../../../database/C60/600/C60_600_23
253,../../../../../../../database/C60/600/C60_600_47
254,../../../../../../../database/C60/600/C60_600_59
255,../../../../../../../database/C60/600/C60_600_15
256,../../../../../../../database/C60/600/C60_600_62
257,../../../../../../../database/C60/600/C60_600_73
258,../../../../../../../database/C60/600/C60_600_67
259,../../../../../../../database/C60/600/C60_600_42
260,../../../../../../../database/C60/600/C60_600_21
261,../../../../../../../database/C60/600/C60_600_10
262,../../../../../../../database/C60/600/C60_600_34
263,../../../../../../../database/C60/600/C60_600_75
264,../../../../../../../database/C60/600/C60_600_1
265,../../../../../../../database/C60/600/C60_600_48
266,../../../../../../../database/C60/600/C60_600_9
267,../../../../../../../database/C60/600/C60_600_27
268,../../../../../../../database/C60/600/C60_600_64
269,../../../../../../../database/C60/600/C60_600_55
270,../../../../../../../database/C60/600/C60_600_13
271,../../../../../../../database/C60/600/C60_600_86
272,../../../../../../../database/C60/600/C60_600_7
273,../../../../../../../database/C60/600/C60_600_69
274,../../../../../../../database/C60/600/C60_600_90
275,../../../../../../../database/C60/600/C60_600_11
276,../../../../../../../database/C60/600/C60_600_37
277,../../../../../../../database/C60/600/C60_600_25
278,../../../../../../../database/C60/600/C60_600_29
279,../../../../../../../database/C60/600/C60_600_74
280,../../../../../../../database/C60/600/C60_600_82
281,../../../../../../../database/C60/600/C60_600_52
282,../../../../../../../database/C60/600/C60_600_51
283,../../../../../../../database/C60/600/C60_600_76
284,../../../../../../../database/C60/600/C60_600_50
285,../../../../../../../database/C60/600/C60_600_57
286,../../../../../../../database/C60/600/C60_600_58
287,../../../../../../../database/C60/600/C60_600_79
288,../../../../../../../database/C60/600/C60_600_49
289,../../../../../../../database/C60/600/C60_600_20
290,../../../../../../../database/C60/600/C60_600_53
291,../../../../../../../database/C60/600/C60_600_45
292,../../../../../../../database/C60/600/C60_600_60
293,../../../../../../../database/C60/600/C60_600_32
294,../../../../../../../database/C60/600/C60_600_24
295,../../../../../../../database/C60/600/C60_600_41
296,../../../../../../../database/C60/600/C60_600_70
297,../../../../../../../database/C60/600/C60_600_100
298,../../../../../../../database/C60/600/C60_600_19
299,../../../../../../../database/C60/600/C60_600_4
300,../../../../../../../database/C60/600/C60_600_36
301,../../../../../../../database/C60/600/C60_600_89
302,../../../../../../../database/C60/600/C60_600_18
303,../../../../../../../database/C60/600/C60_600_28
304,../../../../../../../database/C60/600/C60_600_38
305,../../../../../../../database/C60/600/C60_600_80
306,../../../../../../../database/C60/600/C60_600_54
307,../../../../../../../database/C60/600/C60_600_56
308,../../../../../../../database/C60/600/C60_600_14
309,../../../../../../../database/C60/600/C60_600_87
310,../../../../../../../database/C60/600/C60_600_8
311,../../../../../../../database/C60/600/C60_600_94
312,../../../../../../../database/C60/600/C60_600_95
313,../../../../../../../database/C60/600/C60_600_77
314,../../../../../../../database/C60/600/C60_600_68
315,../../../../../../../database/C60/600/C60_600_66
316,../../../../../../../database/C60/600/C60_600_96
317,../../../../../../../database/C60/600/C60_600_78
318,../../../../../../../database/C60/600/C60_600_12
319,../../../../../../../database/C60/600/C60_600_44
320,../../../../../../../database/C20/300K/C20_74
321,../../../../../../../database/C20/300K/C20_8
322,../../../../../../../database/C20/300K/C20_11
323,../../../../../../../database/C20/300K/C20_83
324,../../../../../../../database/C20/300K/C20_16
325,../../../../../../../database/C20/300K/C20_18
326,../../../../../../../database/C20/300K/C20_58
327,../../../../../../../database/C20/300K/C20_69
328,../../../../../../../database/C20/300K/C20_44
329,../../../../../../../database/C20/300K/C20_81
330,../../../../../../../database/C20/300K/C20_55
331,../../../../../../../database/C20/300K/C20_13
332,../../../../../../../database/C20/300K/C20_70
333,../../../../../../../database/C20/300K/C20_49
334,../../../../../../../database/C20/300K/C20_51
335,../../../../../../../database/C20/300K/C20_77
336,../../../../../../../database/C20/300K/C20_35
337,../../../../../../../database/C20/300K/C20_4
338,../../../../../../../database/C20/300K/C20_56
339,../../../../../../../database/C20/300K/C20_43
340,../../../../../../../database/C20/300K/C20_89
341,../../../../../../../database/C20/300K/C20_10
342,../../../../../../../database/C20/300K/C20_23
343,../../../../../../../database/C20/300K/C20_82
344,../../../../../../../database/C20/300K/C20_72
345,../../../../../../../database/C20/300K/C20_31
346,../../../../../../../database/C20/300K/C20_37
347,../../../../../../../database/C20/300K/C20_65
348,../../../../../../../database/C20/300K/C20_100
349,../../../../../../../database/C20/300K/C20_32
350,../../../../../../../database/C20/300K/C20_97
351,../../../../../../../database/C20/300K/C20_61
352,../../../../../../../database/C20/300K/C20_24
353,../../../../../../../database/C20/300K/C20_93
354,../../../../../../../database/C20/300K/C20_80
355,../../../../../../../database/C20/300K/C20_39
356,../../../../../../../database/C20/300K/C20_46
357,../../../../../../../database/C20/300K/C20_40
358,../../../../../../../database/C20/300K/C20_96
359,../../../../../../../database/C20/300K/C20_91
360,../../../../../../../database/C20/300K/C20_64
361,../../../../../../../database/C20/300K/C20_54
362,../../../../../../../database/C20/300K/C20_28
363,../../../../../../../database/C20/300K/C20_47
364,../../../../../../../database/C20/300K/C20_27
365,../../../../../../../database/C20/300K/C20_85
366,../../../../../../../database/C20/300K/C20_63
367,../../../../../../../database/C20/300K/C20_86
368,../../../../../../../database/C20/300K/C20_99
369,../../../../../../../database/C20/300K/C20_45
370,../../../../../../../database/C20/300K/C20_36
371,../../../../../../../database/C20/300K/C20_75
372,../../../../../../../database/C20/300K/C20_21
373,../../../../../../../database/C20/300K/C20_25
374,../../../../../../../database/C20/300K/C20_22
375,../../../../../../../database/C20/300K/C20_30
376,../../../../../../../database/C20/300K/C20_59
377,../../../../../../../database/C20/300K/C20_62
378,../../../../../../../database/C20/300K/C20_50
379,../../../../../../../database/C20/300K/C20_20
380,../../../../../../../database/C20/300K/C20_29
381,../../../../../../../database/C20/300K/C20_68
382,../../../../../../../database/C20/300K/C20_1
383,../../../../../../../database/C20/300K/C20_76
384,../../../../../../../database/C20/300K/C20_9
385,../../../../../../../database/C20/300K/C20_66
386,../../../../../../../database/C20/300K/C20_42
387,../../../../../../../database/C20/300K/C20_67
388,../../../../../../../database/C20/300K/C20_2
389,../../../../../../../database/C20/300K/C20_34
390,../../../../../../../database/C20/300K/C20_12
391,../../../../../../../database/C20/300K/C20_26
392,../../../../../../../database/C20/300K/C20_78
393,../../../../../../../database/C20/300K/C20_7
394,../../../../../../../database/C20/300K/C20_17
395,../../../../../../../database/C20/300K/C20_53
396,../../../../../../../database/C20/300K/C20_73
397,../../../../../../../database/C20/300K/C20_94
398,../../../../../../../database/C20/300K/C20_71
399,../../../../../../../database/C20/300K/C20_79
400,../../../../../../../database/C20/600K/C20_600_100
401,../../../../../../../database/C20/600K/C20_600_77
402,../../../../../../../database/C20/600K/C20_600_44
403,../../../../../../../database/C20/600K/C20_600_74
404,../../../../../../../database/C20/600K/C20_600_80
405,../../../../../../../database/C20/600K/C20_600_14
406,../../../../../../../database/C20/600K/C20_600_32
407,../../../../../../../database/C20/600K/C20_600_99
408,../../../../../../../database/C20/600K/C20_600_72
409,../../../../../../../database/C20/600K/C20_600_54
410,../../../../../../../database/C20/600K/C20_600_37
411,../../../../../../../database/C20/600K/C20_600_29
412,../../../../../../../database/C20/600K/C20_600_3
413,../../../../../../../database/C20/600K/C20_600_58
414,../../../../../../../database/C20/600K/C20_600_96
415,../../../../../../../database/C20/600K/C20_600_7
416,../../../../../../../database/C20/600K/C20_600_35
417,../../../../../../../database/C20/600K/C20_600_79
418,../../../../../../../database/C20/600K/C20_600_17
419,../../../../../../../database/C20/600K/C20_600_50
420,../../../../../../../database/C20/600K/C20_600_24
421,../../../../../../../database/C20/600K/C20_600_43
422,../../../../../../../database/C20/600K/C20_600_92
423,../../../../../../../database/C20/600K/C20_600_81
424,../../../../../../../database/C20/600K/C20_600_12
425,../../../../../../../database/C20/600K/C20_600_64
426,../../../../../../../database/C20/600K/C20_600_95
427,../../../../../../../database/C20/600K/C20_600_6
428,../../../../../../../database/C20/600K/C20_600_1
429,../../../../../../../database/C20/600K/C20_600_25
430,../../../../../../../database/C20/600K/C20_600_75
431,../../../../../../../database/C20/600K/C20_600_89
432,../../../../../../../database/C20/600K/C20_600_31
433,../../../../../../../database/C20/600K/C20_600_67
434,../../../../../../../database/C20/600K/C20_600_27
435,../../../../../../../database/C20/600K/C20_600_9
436,../../../../../../../database/C20/600K/C20_600_28
437,../../../../../../../database/C20/600K/C20_600_22
438,../../../../../../../database/C20/600K/C20_600_34
439,../../../../../../../database/C20/600K/C20_600_85
440,../../../../../../../database/C20/600K/C20_600_83
441,../../../../../../../database/C20/600K/C20_600_40
442,../../../../../../../database/C20/600K/C20_600_20
443,../../../../../../../database/C20/600K/C20_600_78
444,../../../../../../../database/C20/600K/C20_600_46
445,../../../../../../../database/C20/600K/C20_600_13
446,../../../../../../../database/C20/600K/C20_600_52
447,../../../../../../../database/C20/600K/C20_600_2
448,../../../../../../../database/C20/600K/C20_600_39
449,../../../../../../../database/C20/600K/C20_600_73
450,../../../../../../../database/C20/600K/C20_600_57
451,../../../../../../../database/C20/600K/C20_600_51
452,../../../../../../../database/C20/600K/C20_600_41
453,../../../../../../../database/C20/600K/C20_600_18
454,../../../../../../../database/C20/600K/C20_600_47
455,../../../../../../../database/C20/600K/C20_600_63
456,../../../../../../../database/C20/600K/C20_600_90
457,../../../../../../../database/C20/600K/C20_600_10
458,../../../../../../../database/C20/600K/C20_600_66
459,../../../../../../../database/C20/600K/C20_600_33
460,../../../../../../../database/C20/600K/C20_600_61
461,../../../../../../../database/C20/600K/C20_600_5
462,../../../../../../../database/C20/600K/C20_600_23
463,../../../../../../../database/C20/600K/C20_600_53
464,../../../../../../../database/C20/600K/C20_600_30
465,../../../../../../../database/C20/600K/C20_600_4
466,../../../../../../../database/C20/600K/C20_600_16
467,../../../../../../../database/C20/600K/C20_600_76
468,../../../../../../../database/C20/600K/C20_600_26
469,../../../../../../../database/C20/600K/C20_600_45
470,../../../../../../../database/C20/600K/C20_600_42
471,../../../../../../../database/C20/600K/C20_600_21
472,../../../../../../../database/C20/600K/C20_600_56
473,../../../../../../../database/C20/600K/C20_600_60
474,../../../../../../../database/C20/600K/C20_600_86
475,../../../../../../../database/C20/600K/C20_600_69
476,../../../../../../../database/C20/600K/C20_600_38
477,../../../../../../../database/C20/600K/C20_600_11
478,../../../../../../../database/C20/600K/C20_600_91
479,../../../../../../../database/C20/600K/C20_600_59
480,../../../../../../../database/C40/300K/C40_98
481,../../../../../../../database/C40/300K/C40_77
482,../../../../../../../database/C40/300K/C40_49
483,../../../../../../../database/C40/300K/C40_94
484,../../../../../../../database/C40/300K/C40_23
485,../../../../../../../database/C40/300K/C40_69
486,../../../../../../../database/C40/300K/C40_37
487,../../../../../../../database/C40/300K/C40_42
488,../../../../../../../database/C40/300K/C40_78
489,../../../../../../../database/C40/300K/C40_12
490,../../../../../../../database/C40/300K/C40_9
491,../../../../../../../database/C40/300K/C40_55
492,../../../../../../../database/C40/300K/C40_57
493,../../../../../../../database/C40/300K/C40_29
494,../../../../../../../database/C40/300K/C40_100
495,../../../../../../../database/C40/300K/C40_68
496,../../../../../../../database/C40/300K/C40_51
497,../../../../../../../database/C40/300K/C40_44
498,../../../../../../../database/C40/300K/C40_34
499,../../../../../../../database/C40/300K/C40_43
500,../../../../../../../database/C40/300K/C40_53
501,../../../../../../../database/C40/300K/C40_91
502,../../../../../../../database/C40/300K/C40_84
503,../../../../../../../database/C40/300K/C40_5
504,../../../../../../../database/C40/300K/C40_87
505,../../../../../../../database/C40/300K/C40_86
506,../../../../../../../database/C40/300K/C40_39
507,../../../../../../../database/C40/300K/C40_56
508,../../../../../../../database/C40/300K/C40_75
509,../../../../../../../database/C40/300K/C40_1
510,../../../../../../../database/C40/300K/C40_61
511,../../../../../../../database/C40/300K/C40_41
512,../../../../../../../database/C40/300K/C40_89
513,../../../../../../../database/C40/300K/C40_90
514,../../../../../../../database/C40/300K/C40_62
515,../../../../../../../database/C40/300K/C40_26
516,../../../../../../../database/C40/300K/C40_15
517,../../../../../../../database/C40/300K/C40_67
518,../../../../../../../database/C40/300K/C40_32
519,../../../../../../../database/C40/300K/C40_63
520,../../../../../../../database/C40/300K/C40_8
521,../../../../../../../database/C40/300K/C40_52
522,../../../../../../../database/C40/300K/C40_83
523,../../../../../../../database/C40/300K/C40_92
524,../../../../../../../database/C40/300K/C40_18
525,../../../../../../../database/C40/300K/C40_4
526,../../../../../../../database/C40/300K/C40_19
527,../../../../../../../database/C40/300K/C40_24
528,../../../../../../../database/C40/300K/C40_88
529,../../../../../../../database/C40/300K/C40_76
530,../../../../../../../database/C40/300K/C40_65
531,../../../../../../../database/C40/300K/C40_47
532,../../../../../../../database/C40/300K/C40_38
533,../../../../../../../database/C40/300K/C40_13
534,../../../../../../../database/C40/300K/C40_35
535,../../../../../../../database/C40/300K/C40_82
536,../../../../../../../database/C40/300K/C40_27
537,../../../../../../../database/C40/300K/C40_93
538,../../../../../../../database/C40/300K/C40_36
539,../../../../../../../database/C40/300K/C40_30
540,../../../../../../../database/C40/300K/C40_66
541,../../../../../../../database/C40/300K/C40_95
542,../../../../../../../database/C40/300K/C40_80
543,../../../../../../../database/C40/300K/C40_20
544,../../../../../../../database/C40/300K/C40_58
545,../../../../../../../database/C40/300K/C40_17
546,../../../../../../../database/C40/300K/C40_50
547,../../../../../../../database/C40/300K/C40_21
548,../../../../../../../database/C40/300K/C40_64
549,../../../../../../../database/C40/300K/C40_33
550,../../../../../../../database/C40/300K/C40_25
551,../../../../../../../database/C40/300K/C40_59
552,../../../../../../../database/C40/300K/C40_85
553,../../../../../../../database/C40/300K/C40_60
554,../../../../../../../database/C40/300K/C40_97
555,../../../../../../../database/C40/300K/C40_28
556,../../../../../../../database/C40/300K/C40_3
557,../../../../../../../database/C40/300K/C40_74
558,../../../../../../../database/C40/300K/C40_31
559,../../../../../../../database/C40/300K/C40_48
560,../../../../../../../database/C40/600K/C40_600_62
561,../../../../../../../database/C40/600K/C40_600_90
562,../../../../../../../database/C40/600K/C40_600_72
563,../../../../../../../database/C40/600K/C40_600_94
564,../../../../../../../database/C40/600K/C40_600_52
565,../../../../../../../database/C40/600K/C40_600_93
566,../../../../../../../database/C40/600K/C40_600_71
567,../../../../../../../database/C40/600K/C40_600_95
568,../../../../../../../database/C40/600K/C40_600_84
569,../../../../../../../database/C40/600K/C40_600_15
570,../../../../../../../database/C40/600K/C40_600_3
571,../../../../../../../database/C40/600K/C40_600_58
572,../../../../../../../database/C40/600K/C40_600_7
573,../../../../../../../database/C40/600K/C40_600_66
574,../../../../../../../database/C40/600K/C40_600_46
575,../../../../../../../database/C40/600K/C40_600_31
576,../../../../../../../database/C40/600K/C40_600_85
577,../../../../../../../database/C40/600K/C40_600_64
578,../../../../../../../database/C40/600K/C40_600_77
579,../../../../../../../database/C40/600K/C40_600_17
580,../../../../../../../database/C40/600K/C40_600_44
581,../../../../../../../database/C40/600K/C40_600_28
582,../../../../../../../database/C40/600K/C40_600_78
583,../../../../../../../database/C40/600K/C40_600_51
584,../../../../../../../database/C40/600K/C40_600_73
585,../../../../../../../database/C40/600K/C40_600_2
586,../../../../../../../database/C40/600K/C40_600_9
587,../../../../../../../database/C40/600K/C40_600_16
588,../../../../../../../database/C40/600K/C40_600_43
589,../../../../../../../database/C40/600K/C40_600_20
590,../../../../../../../database/C40/600K/C40_600_89
591,../../../../../../../database/C40/600K/C40_600_39
592,../../../../../../../database/C40/600K/C40_600_82
593,../../../../../../../database/C40/600K/C40_600_80
594,../../../../../../../database/C40/600K/C40_600_11
595,../../../../../../../database/C40/600K/C40_600_69
596,../../../../../../../database/C40/600K/C40_600_59
597,../../../../../../../database/C40/600K/C40_600_24
598,../../../../../../../database/C40/600K/C40_600_5
599,../../../../../../../database/C40/600K/C40_600_61
600,../../../../../../../database/C40/600K/C40_600_35
601,../../../../../../../database/C40/600K/C40_600_38
602,../../../../../../../database/C40/600K/C40_600_75
603,../../../../../../../database/C40/600K/C40_600_53
604,../../../../../../../database/C40/600K/C40_600_27
605,../../../../../../../database/C40/600K/C40_600_67
606,../../../../../../../database/C40/600K/C40_600_70
607,../../../../../../../database/C40/600K/C40_600_22
608,../../../../../../../database/C40/600K/C40_600_4
609,../../../../../../../database/C40/600K/C40_600_91
610,../../../../../../../database/C40/600K/C40_600_1
611,../../../../../../../database/C40/600K/C40_600_87
612,../../../../../../../database/C40/600K/C40_600_23
613,../../../../../../../database/C40/600K/C40_600_55
614,../../../../../../../database/C40/600K/C40_600_10
615,../../../../../../../database/C40/600K/C40_600_97
616,../../../../../../../database/C40/600K/C40_600_96
617,../../../../../../../database/C40/600K/C40_600_57
618,../../../../../../../database/C40/600K/C40_600_32
619,../../../../../../../database/C40/600K/C40_600_36
620,../../../../../../../database/C40/600K/C40_600_8
621,../../../../../../../database/C40/600K/C40_600_50
622,../../../../../../../database/C40/600K/C40_600_49
623,../../../../../../../database/C40/600K/C40_600_76
624,../../../../../../../database/C40/600K/C40_600_68
625,../../../../../../../database/C40/600K/C40_600_34
626,../../../../../../../database/C40/600K/C40_600_42
627,../../../../../../../database/C40/600K/C40_600_21
628,../../../../../../../database/C40/600K/C40_600_86
629,../../../../../../../database/C40/600K/C40_600_100
630,../../../../../../../database/C40/600K/C40_600_56
631,../../../../../../../database/C40/600K/C40_600_92
632,../../../../../../../database/C40/600K/C40_600_60
633,../../../../../../../database/C40/600K/C40_600_26
634,../../../../../../../database/C40/600K/C40_600_45
635,../../../../../../../database/C40/600K/C40_600_18
636,../../../../../../../database/C40/600K/C40_600_33
637,../../../../../../../database/C40/600K/C40_600_99
638,../../../../../../../database/C40/600K/C40_600_30
639,../../../../../../../database/C40/600K/C40_600_54
640,../../../../../../../database/C_6_4/300/C_6_4_300_69
641,../../../../../../../database/C_6_4/300/C_6_4_300_10
642,../../../../../../../database/C_6_4/300/C_6_4_300_66
643,../../../../../../../database/C_6_4/300/C_6_4_300_16
644,../../../../../../../database/C_6_4/300/C_6_4_300_48
645,../../../../../../../database/C_6_4/300/C_6_4_300_12
646,../../../../../../../database/C_6_4/300/C_6_4_300_15
647,../../../../../../../database/C_6_4/300/C_6_4_300_33
648,../../../../../../../database/C_6_4/300/C_6_4_300_17
649,../../../../../../../database/C_6_4/300/C_6_4_300_99
650,../../../../../../../database/C_6_4/300/C_6_4_300_35
651,../../../../../../../database/C_6_4/300/C_6_4_300_71
652,../../../../../../../database/C_6_4/300/C_6_4_300_36
653,../../../../../../../database/C_6_4/300/C_6_4_300_21
654,../../../../../../../database/C_6_4/300/C_6_4_300_27
655,../../../../../../../database/C_6_4/300/C_6_4_300_84
656,../../../../../../../database/C_6_4/300/C_6_4_300_90
657,../../../../../../../database/C_6_4/300/C_6_4_300_22
658,../../../../../../../database/C_6_4/300/C_6_4_300_32
659,../../../../../../../database/C_6_4/300/C_6_4_300_67
660,../../../../../../../database/C_6_4/300/C_6_4_300_50
661,../../../../../../../database/C_6_4/300/C_6_4_300_79
662,../../../../../../../database/C_6_4/300/C_6_4_300_78
663,../../../../../../../database/C_6_4/300/C_6_4_300_2
664,../../../../../../../database/C_6_4/300/C_6_4_300_88
665,../../../../../../../database/C_6_4/300/C_6_4_300_63
666,../../../../../../../database/C_6_4/300/C_6_4_300_37
667,../../../../../../../database/C_6_4/300/C_6_4_300_58
668,../../../../../../../database/C_6_4/300/C_6_4_300_61
669,../../../../../../../database/C_6_4/300/C_6_4_300_51
670,../../../../../../../database/C_6_4/300/C_6_4_300_14
671,../../../../../../../database/C_6_4/300/C_6_4_300_98
672,../../../../../../../database/C_6_4/300/C_6_4_300_49
673,../../../../../../../database/C_6_4/300/C_6_4_300_65
674,../../../../../../../database/C_6_4/300/C_6_4_300_91
675,../../../../../../../database/C_6_4/300/C_6_4_300_13
676,../../../../../../../database/C_6_4/300/C_6_4_300_64
677,../../../../../../../database/C_6_4/300/C_6_4_300_72
678,../../../../../../../database/C_6_4/300/C_6_4_300_40
679,../../../../../../../database/C_6_4/300/C_6_4_300_55
680,../../../../../../../database/C_6_4/300/C_6_4_300_41
681,../../../../../../../database/C_6_4/300/C_6_4_300_68
682,../../../../../../../database/C_6_4/300/C_6_4_300_77
683,../../../../../../../database/C_6_4/300/C_6_4_300_8
684,../../../../../../../database/C_6_4/300/C_6_4_300_80
685,../../../../../../../database/C_6_4/300/C_6_4_300_44
686,../../../../../../../database/C_6_4/300/C_6_4_300_30
687,../../../../../../../database/C_6_4/300/C_6_4_300_93
688,../../../../../../../database/C_6_4/300/C_6_4_300_25
689,../../../../../../../database/C_6_4/300/C_6_4_300_95
690,../../../../../../../database/C_6_4/300/C_6_4_300_20
691,../../../../../../../database/C_6_4/300/C_6_4_300_47
692,../../../../../../../database/C_6_4/300/C_6_4_300_75
693,../../../../../../../database/C_6_4/300/C_6_4_300_7
694,../../../../../../../database/C_6_4/300/C_6_4_300_1
695,../../../../../../../database/C_6_4/300/C_6_4_300_38
696,../../../../../../../database/C_6_4/300/C_6_4_300_11
697,../../../../../../../database/C_6_4/300/C_6_4_300_26
698,../../../../../../../database/C_6_4/300/C_6_4_300_39
699,../../../../../../../database/C_6_4/300/C_6_4_300_54
700,../../../../../../../database/C_6_4/300/C_6_4_300_24
701,../../../../../../../database/C_6_4/300/C_6_4_300_46
702,../../../../../../../database/C_6_4/300/C_6_4_300_43
703,../../../../../../../database/C_6_4/300/C_6_4_300_28
704,../../../../../../../database/C_6_4/300/C_6_4_300_18
705,../../../../../../../database/C_6_4/300/C_6_4_300_89
706,../../../../../../../database/C_6_4/300/C_6_4_300_73
707,../../../../../../../database/C_6_4/300/C_6_4_300_96
708,../../../../../../../database/C_6_4/300/C_6_4_300_31
709,../../../../../../../database/C_6_4/300/C_6_4_300_82
710,../../../../../../../database/C_6_4/300/C_6_4_300_83
711,../../../../../../../database/C_6_4/300/C_6_4_300_100
712,../../../../../../../database/C_6_4/300/C_6_4_300_74
713,../../../../../../../database/C_6_4/300/C_6_4_300_92
714,../../../../../../../database/C_6_4/300/C_6_4_300_29
715,../../../../../../../database/C_6_4/300/C_6_4_300_3
716,../../../../../../../database/C_6_4/300/C_6_4_300_4
717,../../../../../../../database/C_6_4/300/C_6_4_300_6
718,../../../../../../../database/C_6_4/300/C_6_4_300_9
719,../../../../../../../database/C_6_4/300/C_6_4_300_76
720,../../../../../../../database/C_6_4/600/C_6_4_600_18
721,../../../../../../../database/C_6_4/600/C_6_4_600_42
722,../../../../../../../database/C_6_4/600/C_6_4_600_9
723,../../../../../../../database/C_6_4/600/C_6_4_600_90
724,../../../../../../../database/C_6_4/600/C_6_4_600_98
725,../../../../../../../database/C_6_4/600/C_6_4_600_20
726,../../../../../../../database/C_6_4/600/C_6_4_600_2
727,../../../../../../../database/C_6_4/600/C_6_4_600_54
728,../../../../../../../database/C_6_4/600/C_6_4_600_35
729,../../../../../../../database/C_6_4/600/C_6_4_600_75
730,../../../../../../../database/C_6_4/600/C_6_4_600_43
731,../../../../../../../database/C_6_4/600/C_6_4_600_40
732,../../../../../../../database/C_6_4/600/C_6_4_600_37
733,../../../../../../../database/C_6_4/600/C_6_4_600_34
734,../../../../../../../database/C_6_4/600/C_6_4_600_44
735,../../../../../../../database/C_6_4/600/C_6_4_600_86
736,../../../../../../../database/C_6_4/600/C_6_4_600_5
737,../../../../../../../database/C_6_4/600/C_6_4_600_22
738,../../../../../../../database/C_6_4/600/C_6_4_600_97
739,../../../../../../../database/C_6_4/600/C_6_4_600_80
740,../../../../../../../database/C_6_4/600/C_6_4_600_69
741,../../../../../../../database/C_6_4/600/C_6_4_600_32
742,../../../../../../../database/C_6_4/600/C_6_4_600_17
743,../../../../../../../database/C_6_4/600/C_6_4_600_30
744,../../../../../../../database/C_6_4/600/C_6_4_600_11
745,../../../../../../../database/C_6_4/600/C_6_4_600_51
746,../../../../../../../database/C_6_4/600/C_6_4_600_63
747,../../../../../../../database/C_6_4/600/C_6_4_600_47
748,../../../../../../../database/C_6_4/600/C_6_4_600_84
749,../../../../../../../database/C_6_4/600/C_6_4_600_1
750,../../../../../../../database/C_6_4/600/C_6_4_600_29
751,../../../../../../../database/C_6_4/600/C_6_4_600_46
752,../../../../../../../database/C_6_4/600/C_6_4_600_45
753,../../../../../../../database/C_6_4/600/C_6_4_600_6
754,../../../../../../../database/C_6_4/600/C_6_4_600_21
755,../../../../../../../database/C_6_4/600/C_6_4_600_60
756,../../../../../../../database/C_6_4/600/C_6_4_600_85
757,../../../../../../../database/C_6_4/600/C_6_4_600_77
758,../../../../../../../database/C_6_4/600/C_6_4_600_50
759,../../../../../../../database/C_6_4/600/C_6_4_600_55
760,../../../../../../../database/C_6_4/600/C_6_4_600_65
761,../../../../../../../database/C_6_4/600/C_6_4_600_24
762,../../../../../../../database/C_6_4/600/C_6_4_600_38
763,../../../../../../../database/C_6_4/600/C_6_4_600_89
764,../../../../../../../database/C_6_4/600/C_6_4_600_67
765,../../../../../../../database/C_6_4/600/C_6_4_600_33
766,../../../../../../../database/C_6_4/600/C_6_4_600_14
767,../../../../../../../database/C_6_4/600/C_6_4_600_31
768,../../../../../../../database/C_6_4/600/C_6_4_600_62
769,../../../../../../../database/C_6_4/600/C_6_4_600_83
770,../../../../../../../database/C_6_4/600/C_6_4_600_25
771,../../../../../../../database/C_6_4/600/C_6_4_600_27
772,../../../../../../../database/C_6_4/600/C_6_4_600_71
773,../../../../../../../database/C_6_4/600/C_6_4_600_41
774,../../../../../../../database/C_6_4/600/C_6_4_600_3
775,../../../../../../../database/C_6_4/600/C_6_4_600_78
776,../../../../../../../database/C_6_4/600/C_6_4_600_39
777,../../../../../../../database/C_6_4/600/C_6_4_600_49
778,../../../../../../../database/C_6_4/600/C_6_4_600_91
779,../../../../../../../database/C_6_4/600/C_6_4_600_48
780,../../../../../../../database/C_6_4/600/C_6_4_600_52
781,../../../../../../../database/C_6_4/600/C_6_4_600_70
782,../../../../../../../database/C_6_4/600/C_6_4_600_93
783,../../../../../../../database/C_6_4/600/C_6_4_600_26
784,../../../../../../../database/C_6_4/600/C_6_4_600_72
785,../../../../../../../database/C_6_4/600/C_6_4_600_79
786,../../../../../../../database/C_6_4/600/C_6_4_600_73
787,../../../../../../../database/C_6_4/600/C_6_4_600_12
788,../../../../../../../database/C_6_4/600/C_6_4_600_64
789,../../../../../../../database/C_6_4/600/C_6_4_600_15
790,../../../../../../../database/C_6_4/600/C_6_4_600_99
791,../../../../../../../database/C_6_4/600/C_6_4_600_100
792,../../../../../../../database/C_6_4/600/C_6_4_600_36
793,../../../../../../../database/C_6_4/600/C_6_4_600_8
794,../../../../../../../database/C_6_4/600/C_6_4_600_96
795,../../../../../../../database/C_6_4/600/C_6_4_600_94
796,../../../../../../../database/C_6_4/600/C_6_4_600_57
797,../../../../../../../database/C_6_4/600/C_6_4_600_56
798,../../../../../../../database/C_6_4/600/C_6_4_600_88
799,../../../../../../../database/C_6_4/600/C_6_4_600_68
800,../../../../../../../database/C_9_9/300/C_9_9_300_19
801,../../../../../../../database/C_9_9/300/C_9_9_300_91
802,../../../../../../../database/C_9_9/300/C_9_9_300_29
803,../../../../../../../database/C_9_9/300/C_9_9_300_98
804,../../../../../../../database/C_9_9/300/C_9_9_300_64
805,../../../../../../../database/C_9_9/300/C_9_9_300_97
806,../../../../../../../database/C_9_9/300/C_9_9_300_24
807,../../../../../../../database/C_9_9/300/C_9_9_300_81
808,../../../../../../../database/C_9_9/300/C_9_9_300_77
809,../../../../../../../database/C_9_9/300/C_9_9_300_33
810,../../../../../../../database/C_9_9/300/C_9_9_300_35
811,../../../../../../../database/C_9_9/300/C_9_9_300_73
812,../../../../../../../database/C_9_9/300/C_9_9_300_20
813,../../../../../../../database/C_9_9/300/C_9_9_300_44
814,../../../../../../../database/C_9_9/300/C_9_9_300_32
815,../../../../../../../database/C_9_9/300/C_9_9_300_17
816,../../../../../../../database/C_9_9/300/C_9_9_300_66
817,../../../../../../../database/C_9_9/300/C_9_9_300_83
818,../../../../../../../database/C_9_9/300/C_9_9_300_21
819,../../../../../../../database/C_9_9/300/C_9_9_300_72
820,../../../../../../../database/C_9_9/300/C_9_9_300_55
821,../../../../../../../database/C_9_9/300/C_9_9_300_63
822,../../../../../../../database/C_9_9/300/C_9_9_300_13
823,../../../../../../../database/C_9_9/300/C_9_9_300_3
824,../../../../../../../database/C_9_9/300/C_9_9_300_52
825,../../../../../../../database/C_9_9/300/C_9_9_300_46
826,../../../../../../../database/C_9_9/300/C_9_9_300_93
827,../../../../../../../database/C_9_9/300/C_9_9_300_76
828,../../../../../../../database/C_9_9/300/C_9_9_300_41
829,../../../../../../../database/C_9_9/300/C_9_9_300_18
830,../../../../../../../database/C_9_9/300/C_9_9_300_48
831,../../../../../../../database/C_9_9/300/C_9_9_300_15
832,../../../../../../../database/C_9_9/300/C_9_9_300_37
833,../../../../../../../database/C_9_9/300/C_9_9_300_54
834,../../../../../../../database/C_9_9/300/C_9_9_300_31
835,../../../../../../../database/C_9_9/300/C_9_9_300_11
836,../../../../../../../database/C_9_9/300/C_9_9_300_70
837,../../../../../../../database/C_9_9/300/C_9_9_300_88
838,../../../../../../../database/C_9_9/300/C_9_9_300_5
839,../../../../../../../database/C_9_9/300/C_9_9_300_94
840,../../../../../../../database/C_9_9/300/C_9_9_300_38
841,../../../../../../../database/C_9_9/300/C_9_9_300_62
842,../../../../../../../database/C_9_9/300/C_9_9_300_96
843,../../../../../../../database/C_9_9/300/C_9_9_300_8
844,../../../../../../../database/C_9_9/300/C_9_9_300_69
845,../../../../../../../database/C_9_9/300/C_9_9_300_14
846,../../../../../../../database/C_9_9/300/C_9_9_300_45
847,../../../../../../../database/C_9_9/300/C_9_9_300_79
848,../../../../../../../database/C_9_9/300/C_9_9_300_42
849,../../../../../../../database/C_9_9/300/C_9_9_300_60
850,../../../../../../../database/C_9_9/300/C_9_9_300_28
851,../../../../../../../database/C_9_9/300/C_9_9_300_36
852,../../../../../../../database/C_9_9/300/C_9_9_300_89
853,../../../../../../../database/C_9_9/300/C_9_9_300_100
854,../../../../../../../database/C_9_9/300/C_9_9_300_49
855,../../../../../../../database/C_9_9/300/C_9_9_300_12
856,../../../../../../../database/C_9_9/300/C_9_9_300_16
857,../../../../../../../database/C_9_9/300/C_9_9_300_47
858,../../../../../../../database/C_9_9/300/C_9_9_300_75
859,../../../../../../../database/C_9_9/300/C_9_9_300_4
860,../../../../../../../database/C_9_9/300/C_9_9_300_27
861,../../../../../../../database/C_9_9/300/C_9_9_300_30
862,../../../../../../../database/C_9_9/300/C_9_9_300_10
863,../../../../../../../database/C_9_9/300/C_9_9_300_1
864,../../../../../../../database/C_9_9/300/C_9_9_300_85
865,../../../../../../../database/C_9_9/300/C_9_9_300_53
866,../../../../../../../database/C_9_9/300/C_9_9_300_6
867,../../../../../../../database/C_9_9/300/C_9_9_300_86
868,../../../../../../../database/C_9_9/300/C_9_9_300_43
869,../../../../../../../database/C_9_9/300/C_9_9_300_99
870,../../../../../../../database/C_9_9/300/C_9_9_300_56
871,../../../../../../../database/C_9_9/300/C_9_9_300_87
872,../../../../../../../database/C_9_9/300/C_9_9_300_51
873,../../../../../../../database/C_9_9/300/C_9_9_300_95
874,../../../../../../../database/C_9_9/300/C_9_9_300_50
875,../../../../../../../database/C_9_9/300/C_9_9_300_71
876,../../../../../../../database/C_9_9/300/C_9_9_300_9
877,../../../../../../../database/C_9_9/300/C_9_9_300_34
878,../../../../../../../database/C_9_9/300/C_9_9_300_78
879,../../../../../../../database/C_9_9/300/C_9_9_300_84
880,../../../../../../../database/C_9_9/600/C_9_9_600_48
881,../../../../../../../database/C_9_9/600/C_9_9_600_32
882,../../../../../../../database/C_9_9/600/C_9_9_600_45
883,../../../../../../../database/C_9_9/600/C_9_9_600_19
884,../../../../../../../database/C_9_9/600/C_9_9_600_95
885,../../../../../../../database/C_9_9/600/C_9_9_600_64
886,../../../../../../../database/C_9_9/600/C_9_9_600_75
887,../../../../../../../database/C_9_9/600/C_9_9_600_91
888,../../../../../../../database/C_9_9/600/C_9_9_600_82
889,../../../../../../../database/C_9_9/600/C_9_9_600_15
890,../../../../../../../database/C_9_9/600/C_9_9_600_16
891,../../../../../../../database/C_9_9/600/C_9_9_600_35
892,../../../../../../../database/C_9_9/600/C_9_9_600_85
893,../../../../../../../database/C_9_9/600/C_9_9_600_44
894,../../../../../../../database/C_9_9/600/C_9_9_600_4
895,../../../../../../../database/C_9_9/600/C_9_9_600_74
896,../../../../../../../database/C_9_9/600/C_9_9_600_68
897,../../../../../../../database/C_9_9/600/C_9_9_600_89
898,../../../../../../../database/C_9_9/600/C_9_9_600_59
899,../../../../../../../database/C_9_9/600/C_9_9_600_87
900,../../../../../../../database/C_9_9/600/C_9_9_600_13
901,../../../../../../../database/C_9_9/600/C_9_9_600_33
902,../../../../../../../database/C_9_9/600/C_9_9_600_100
903,../../../../../../../database/C_9_9/600/C_9_9_600_72
904,../../../../../../../database/C_9_9/600/C_9_9_600_70
905,../../../../../../../database/C_9_9/600/C_9_9_600_37
906,../../../../../../../database/C_9_9/600/C_9_9_600_14
907,../../../../../../../database/C_9_9/600/C_9_9_600_29
908,../../../../../../../database/C_9_9/600/C_9_9_600_80
909,../../../../../../../database/C_9_9/600/C_9_9_600_22
910,../../../../../../../database/C_9_9/600/C_9_9_600_43
911,../../../../../../../database/C_9_9/600/C_9_9_600_58
912,../../../../../../../database/C_9_9/600/C_9_9_600_98
913,../../../../../../../database/C_9_9/600/C_9_9_600_31
914,../../../../../../../database/C_9_9/600/C_9_9_600_76
915,../../../../../../../database/C_9_9/600/C_9_9_600_26
916,../../../../../../../database/C_9_9/600/C_9_9_600_3
917,../../../../../../../database/C_9_9/600/C_9_9_600_62
918,../../../../../../../database/C_9_9/600/C_9_9_600_11
919,../../../../../../../database/C_9_9/600/C_9_9_600_51
920,../../../../../../../database/C_9_9/600/C_9_9_600_88
921,../../../../../../../database/C_9_9/600/C_9_9_600_97
922,../../../../../../../database/C_9_9/600/C_9_9_600_6
923,../../../../../../../database/C_9_9/600/C_9_9_600_90
924,../../../../../../../database/C_9_9/600/C_9_9_600_20
925,../../../../../../../database/C_9_9/600/C_9_9_600_63
926,../../../../../../../database/C_9_9/600/C_9_9_600_94
927,../../../../../../../database/C_9_9/600/C_9_9_600_8
928,../../../../../../../database/C_9_9/600/C_9_9_600_38
929,../../../../../../../database/C_9_9/600/C_9_9_600_83
930,../../../../../../../database/C_9_9/600/C_9_9_600_39
931,../../../../../../../database/C_9_9/600/C_9_9_600_60
932,../../../../../../../database/C_9_9/600/C_9_9_600_77
933,../../../../../../../database/C_9_9/600/C_9_9_600_71
934,../../../../../../../database/C_9_9/600/C_9_9_600_73
935,../../../../../../../database/C_9_9/600/C_9_9_600_49
936,../../../../../../../database/C_9_9/600/C_9_9_600_18
937,../../../../../../../database/C_9_9/600/C_9_9_600_46
938,../../../../../../../database/C_9_9/600/C_9_9_600_47
939,../../../../../../../database/C_9_9/600/C_9_9_600_40
940,../../../../../../../database/C_9_9/600/C_9_9_600_7
941,../../../../../../../database/C_9_9/600/C_9_9_600_93
942,../../../../../../../database/C_9_9/600/C_9_9_600_25
943,../../../../../../../database/C_9_9/600/C_9_9_600_69
944,../../../../../../../database/C_9_9/600/C_9_9_600_99
945,../../../../../../../database/C_9_9/600/C_9_9_600_53
946,../../../../../../../database/C_9_9/600/C_9_9_600_12
947,../../../../../../../database/C_9_9/600/C_9_9_600_61
948,../../../../../../../database/C_9_9/600/C_9_9_600_84
949,../../../../../../../database/C_9_9/600/C_9_9_600_41
950,../../../../../../../database/C_9_9/600/C_9_9_600_34
951,../../../../../../../database/C_9_9/600/C_9_9_600_36
952,../../../../../../../database/C_9_9/600/C_9_9_600_79
953,../../../../../../../database/C_9_9/600/C_9_9_600_27
954,../../../../../../../database/C_9_9/600/C_9_9_600_10
955,../../../../../../../database/C_9_9/600/C_9_9_600_42
956,../../../../../../../database/C_9_9/600/C_9_9_600_92
957,../../../../../../../database/C_9_9/600/C_9_9_600_1
958,../../../../../../../database/C_9_9/600/C_9_9_600_54
959,../../../../../../../database/C_9_9/600/C_9_9_600_65
960,../../../../../../../database/C_8_0/300/C_8_0_300_80
961,../../../../../../../database/C_8_0/300/C_8_0_300_75
962,../../../../../../../database/C_8_0/300/C_8_0_300_53
963,../../../../../../../database/C_8_0/300/C_8_0_300_1
964,../../../../../../../database/C_8_0/300/C_8_0_300_81
965,../../../../../../../database/C_8_0/300/C_8_0_300_10
966,../../../../../../../database/C_8_0/300/C_8_0_300_92
967,../../../../../../../database/C_8_0/300/C_8_0_300_54
968,../../../../../../../database/C_8_0/300/C_8_0_300_68
969,../../../../../../../database/C_8_0/300/C_8_0_300_62
970,../../../../../../../database/C_8_0/300/C_8_0_300_63
971,../../../../../../../database/C_8_0/300/C_8_0_300_52
972,../../../../../../../database/C_8_0/300/C_8_0_300_57
973,../../../../../../../database/C_8_0/300/C_8_0_300_67
974,../../../../../../../database/C_8_0/300/C_8_0_300_12
975,../../../../../../../database/C_8_0/300/C_8_0_300_95
976,../../../../../../../database/C_8_0/300/C_8_0_300_31
977,../../../../../../../database/C_8_0/300/C_8_0_300_23
978,../../../../../../../database/C_8_0/300/C_8_0_300_13
979,../../../../../../../database/C_8_0/300/C_8_0_300_45
980,../../../../../../../database/C_8_0/300/C_8_0_300_28
981,../../../../../../../database/C_8_0/300/C_8_0_300_61
982,../../../../../../../database/C_8_0/300/C_8_0_300_85
983,../../../../../../../database/C_8_0/300/C_8_0_300_37
984,../../../../../../../database/C_8_0/300/C_8_0_300_48
985,../../../../../../../database/C_8_0/300/C_8_0_300_43
986,../../../../../../../database/C_8_0/300/C_8_0_300_27
987,../../../../../../../database/C_8_0/300/C_8_0_300_41
988,../../../../../../../database/C_8_0/300/C_8_0_300_49
989,../../../../../../../database/C_8_0/300/C_8_0_300_94
990,../../../../../../../database/C_8_0/300/C_8_0_300_39
991,../../../../../../../database/C_8_0/300/C_8_0_300_47
992,../../../../../../../database/C_8_0/300/C_8_0_300_58
993,../../../../../../../database/C_8_0/300/C_8_0_300_11
994,../../../../../../../database/C_8_0/300/C_8_0_300_64
995,../../../../../../../database/C_8_0/300/C_8_0_300_9
996,../../../../../../../database/C_8_0/300/C_8_0_300_26
997,../../../../../../../database/C_8_0/300/C_8_0_300_60
998,../../../../../../../database/C_8_0/300/C_8_0_300_76
999,../../../../../../../database/C_8_0/300/C_8_0_300_34
1000,../../../../../../../database/C_8_0/300/C_8_0_300_24
1001,../../../../../../../database/C_8_0/300/C_8_0_300_73
1002,../../../../../../../database/C_8_0/300/C_8_0_300_5
1003,../../../../../../../database/C_8_0/300/C_8_0_300_50
1004,../../../../../../../database/C_8_0/300/C_8_0_300_98
1005,../../../../../../../database/C_8_0/300/C_8_0_300_71
1006,../../../../../../../database/C_8_0/300/C_8_0_300_83
1007,../../../../../../../database/C_8_0/300/C_8_0_300_30
1008,../../../../../../../database/C_8_0/300/C_8_0_300_59
1009,../../../../../../../database/C_8_0/300/C_8_0_300_72
1010,../../../../../../../database/C_8_0/300/C_8_0_300_93
1011,../../../../../../../database/C_8_0/300/C_8_0_300_19
1012,../../../../../../../database/C_8_0/300/C_8_0_300_40
1013,../../../../../../../database/C_8_0/300/C_8_0_300_96
1014,../../../../../../../database/C_8_0/300/C_8_0_300_99
1015,../../../../../../../database/C_8_0/300/C_8_0_300_97
1016,../../../../../../../database/C_8_0/300/C_8_0_300_33
1017,../../../../../../../database/C_8_0/300/C_8_0_300_88
1018,../../../../../../../database/C_8_0/300/C_8_0_300_15
1019,../../../../../../../database/C_8_0/300/C_8_0_300_66
1020,../../../../../../../database/C_8_0/300/C_8_0_300_82
1021,../../../../../../../database/C_8_0/300/C_8_0_300_3
1022,../../../../../../../database/C_8_0/300/C_8_0_300_38
1023,../../../../../../../database/C_8_0/300/C_8_0_300_7
1024,../../../../../../../database/C_8_0/300/C_8_0_300_87
1025,../../../../../../../database/C_8_0/300/C_8_0_300_2
1026,../../../../../../../database/C_8_0/300/C_8_0_300_25
1027,../../../../../../../database/C_8_0/300/C_8_0_300_69
1028,../../../../../../../database/C_8_0/300/C_8_0_300_74
1029,../../../../../../../database/C_8_0/300/C_8_0_300_36
1030,../../../../../../../database/C_8_0/300/C_8_0_300_20
1031,../../../../../../../database/C_8_0/300/C_8_0_300_78
1032,../../../../../../../database/C_8_0/300/C_8_0_300_56
1033,../../../../../../../database/C_8_0/300/C_8_0_300_51
1034,../../../../../../../database/C_8_0/300/C_8_0_300_65
1035,../../../../../../../database/C_8_0/300/C_8_0_300_32
1036,../../../../../../../database/C_8_0/300/C_8_0_300_86
1037,../../../../../../../database/C_8_0/300/C_8_0_300_17
1038,../../../../../../../database/C_8_0/300/C_8_0_300_16
1039,../../../../../../../database/C_8_0/300/C_8_0_300_90
1040,../../../../../../../database/C_8_0/600/C_8_0_600_36
1041,../../../../../../../database/C_8_0/600/C_8_0_600_98
1042,../../../../../../../database/C_8_0/600/C_8_0_600_38
1043,../../../../../../../database/C_8_0/600/C_8_0_600_8
1044,../../../../../../../database/C_8_0/600/C_8_0_600_45
1045,../../../../../../../database/C_8_0/600/C_8_0_600_57
1046,../../../../../../../database/C_8_0/600/C_8_0_600_17
1047,../../../../../../../database/C_8_0/600/C_8_0_600_24
1048,../../../../../../../database/C_8_0/600/C_8_0_600_47
1049,../../../../../../../database/C_8_0/600/C_8_0_600_52
1050,../../../../../../../database/C_8_0/600/C_8_0_600_69
1051,../../../../../../../database/C_8_0/600/C_8_0_600_43
1052,../../../../../../../database/C_8_0/600/C_8_0_600_50
1053,../../../../../../../database/C_8_0/600/C_8_0_600_67
1054,../../../../../../../database/C_8_0/600/C_8_0_600_25
1055,../../../../../../../database/C_8_0/600/C_8_0_600_73
1056,../../../../../../../database/C_8_0/600/C_8_0_600_21
1057,../../../../../../../database/C_8_0/600/C_8_0_600_58
1058,../../../../../../../database/C_8_0/600/C_8_0_600_60
1059,../../../../../../../database/C_8_0/600/C_8_0_600_92
1060,../../../../../../../database/C_8_0/600/C_8_0_600_20
1061,../../../../../../../database/C_8_0/600/C_8_0_600_28
1062,../../../../../../../database/C_8_0/600/C_8_0_600_39
1063,../../../../../../../database/C_8_0/600/C_8_0_600_35
1064,../../../../../../../database/C_8_0/600/C_8_0_600_68
1065,../../../../../../../database/C_8_0/600/C_8_0_600_80
1066,../../../../../../../database/C_8_0/600/C_8_0_600_49
1067,../../../../../../../database/C_8_0/600/C_8_0_600_61
1068,../../../../../../../database/C_8_0/600/C_8_0_600_72
1069,../../../../../../../database/C_8_0/600/C_8_0_600_59
1070,../../../../../../../database/C_8_0/600/C_8_0_600_40
1071,../../../../../../../database/C_8_0/600/C_8_0_600_74
1072,../../../../../../../database/C_8_0/600/C_8_0_600_87
1073,../../../../../../../database/C_8_0/600/C_8_0_600_11
1074,../../../../../../../database/C_8_0/600/C_8_0_600_82
1075,../../../../../../../database/C_8_0/600/C_8_0_600_51
1076,../../../../../../../database/C_8_0/600/C_8_0_600_27
1077,../../../../../../../database/C_8_0/600/C_8_0_600_56
1078,../../../../../../../database/C_8_0/600/C_8_0_600_31
1079,../../../../../../../database/C_8_0/600/C_8_0_600_83
1080,../../../../../../../database/C_8_0/600/C_8_0_600_54
1081,../../../../../../../database/C_8_0/600/C_8_0_600_96
1082,../../../../../../../database/C_8_0/600/C_8_0_600_94
1083,../../../../../../../database/C_8_0/600/C_8_0_600_93
1084,../../../../../../../database/C_8_0/600/C_8_0_600_22
1085,../../../../../../../database/C_8_0/600/C_8_0_600_15
1086,../../../../../../../database/C_8_0/600/C_8_0_600_44
1087,../../../../../../../database/C_8_0/600/C_8_0_600_33
1088,../../../../../../../database/C_8_0/600/C_8_0_600_63
1089,../../../../../../../database/C_8_0/600/C_8_0_600_18
1090,../../../../../../../database/C_8_0/600/C_8_0_600_41
1091,../../../../../../../database/C_8_0/600/C_8_0_600_89
1092,../../../../../../../database/C_8_0/600/C_8_0_600_46
1093,../../../../../../../database/C_8_0/600/C_8_0_600_30
1094,../../../../../../../database/C_8_0/600/C_8_0_600_85
1095,../../../../../../../database/C_8_0/600/C_8_0_600_4
1096,../../../../../../../database/C_8_0/600/C_8_0_600_13
1097,../../../../../../../database/C_8_0/600/C_8_0_600_16
1098,../../../../../../../database/C_8_0/600/C_8_0_600_14
1099,../../../../../../../database/C_8_0/600/C_8_0_600_3
1100,../../../../../../../database/C_8_0/600/C_8_0_600_42
1101,../../../../../../../database/C_8_0/600/C_8_0_600_66
1102,../../../../../../../database/C_8_0/600/C_8_0_600_26
1103,../../../../../../../database/C_8_0/600/C_8_0_600_19
1104,../../../../../../../database/C_8_0/600/C_8_0_600_65
1105,../../../../../../../database/C_8_0/600/C_8_0_600_1
1106,../../../../../../../database/C_8_0/600/C_8_0_600_5
1107,../../../../../../../database/C_8_0/600/C_8_0_600_81
1108,../../../../../../../database/C_8_0/600/C_8_0_600_48
1109,../../../../../../../database/C_8_0/600/C_8_0_600_23
1110,../../../../../../../database/C_8_0/600/C_8_0_600_34
1111,../../../../../../../database/C_8_0/600/C_8_0_600_95
1112,../../../../../../../database/C_8_0/600/C_8_0_600_90
1113,../../../../../../../database/C_8_0/600/C_8_0_600_32
1114,../../../../../../../database/C_8_0/600/C_8_0_600_6
1115,../../../../../../../database/C_8_0/600/C_8_0_600_99
1116,../../../../../../../database/C_8_0/600/C_8_0_600_76
1117,../../../../../../../database/C_8_0/600/C_8_0_600_29
1118,../../../../../../../database/C_8_0/600/C_8_0_600_37
1119,../../../../../../../database/C_8_0/600/C_8_0_600_77
1120,../../../../../../../database/Graphite/300/Graphite300_77
1121,../../../../../../../database/Graphite/300/Graphite300_33
1122,../../../../../../../database/Graphite/300/Graphite300_54
1123,../../../../../../../database/Graphite/300/Graphite300_52
1124,../../../../../../../database/Graphite/300/Graphite300_53
1125,../../../../../../../database/Graphite/300/Graphite300_51
1126,../../../../../../../database/Graphite/300/Graphite300_6
1127,../../../../../../../database/Graphite/300/Graphite300_87
1128,../../../../../../../database/Graphite/300/Graphite300_15
1129,../../../../../../../database/Graphite/300/Graphite300_88
1130,../../../../../../../database/Graphite/300/Graphite300_31
1131,../../../../../../../database/Graphite/300/Graphite300_10
1132,../../../../../../../database/Graphite/300/Graphite300_45
1133,../../../../../../../database/Graphite/300/Graphite300_14
1134,../../../../../../../database/Graphite/300/Graphite300_86
1135,../../../../../../../database/Graphite/300/Graphite300_73
1136,../../../../../../../database/Graphite/300/Graphite300_79
1137,../../../../../../../database/Graphite/300/Graphite300_98
1138,../../../../../../../database/Graphite/300/Graphite300_68
1139,../../../../../../../database/Graphite/300/Graphite300_37
1140,../../../../../../../database/Graphite/300/Graphite300_18
1141,../../../../../../../database/Graphite/300/Graphite300_70
1142,../../../../../../../database/Graphite/300/Graphite300_23
1143,../../../../../../../database/Graphite/300/Graphite300_34
1144,../../../../../../../database/Graphite/300/Graphite300_16
1145,../../../../../../../database/Graphite/300/Graphite300_2
1146,../../../../../../../database/Graphite/300/Graphite300_99
1147,../../../../../../../database/Graphite/300/Graphite300_24
1148,../../../../../../../database/Graphite/300/Graphite300_74
1149,../../../../../../../database/Graphite/300/Graphite300_13
1150,../../../../../../../database/Graphite/300/Graphite300_25
1151,../../../../../../../database/Graphite/300/Graphite300_89
1152,../../../../../../../database/Graphite/300/Graphite300_72
1153,../../../../../../../database/Graphite/300/Graphite300_65
1154,../../../../../../../database/Graphite/300/Graphite300_93
1155,../../../../../../../database/Graphite/300/Graphite300_49
1156,../../../../../../../database/Graphite/300/Graphite300_100
1157,../../../../../../../database/Graphite/300/Graphite300_90
1158,../../../../../../../database/Graphite/300/Graphite300_82
1159,../../../../../../../database/Graphite/300/Graphite300_69
1160,../../../../../../../database/Graphite/300/Graphite300_8
1161,../../../../../../../database/Graphite/300/Graphite300_67
1162,../../../../../../../database/Graphite/300/Graphite300_11
1163,../../../../../../../database/Graphite/300/Graphite300_91
1164,../../../../../../../database/Graphite/300/Graphite300_26
1165,../../../../../../../database/Graphite/300/Graphite300_1
1166,../../../../../../../database/Graphite/300/Graphite300_27
1167,../../../../../../../database/Graphite/300/Graphite300_40
1168,../../../../../../../database/Graphite/300/Graphite300_20
1169,../../../../../../../database/Graphite/300/Graphite300_43
1170,../../../../../../../database/Graphite/300/Graphite300_32
1171,../../../../../../../database/Graphite/300/Graphite300_78
1172,../../../../../../../database/Graphite/300/Graphite300_96
1173,../../../../../../../database/Graphite/300/Graphite300_42
1174,../../../../../../../database/Graphite/300/Graphite300_64
1175,../../../../../../../database/Graphite/300/Graphite300_9
1176,../../../../../../../database/Graphite/300/Graphite300_4
1177,../../../../../../../database/Graphite/300/Graphite300_35
1178,../../../../../../../database/Graphite/300/Graphite300_48
1179,../../../../../../../database/Graphite/300/Graphite300_55
1180,../../../../../../../database/Graphite/300/Graphite300_3
1181,../../../../../../../database/Graphite/300/Graphite300_28
1182,../../../../../../../database/Graphite/300/Graphite300_66
1183,../../../../../../../database/Graphite/300/Graphite300_83
1184,../../../../../../../database/Graphite/300/Graphite300_30
1185,../../../../../../../database/Graphite/300/Graphite300_39
1186,../../../../../../../database/Graphite/300/Graphite300_38
1187,../../../../../../../database/Graphite/300/Graphite300_80
1188,../../../../../../../database/Graphite/300/Graphite300_61
1189,../../../../../../../database/Graphite/300/Graphite300_56
1190,../../../../../../../database/Graphite/300/Graphite300_29
1191,../../../../../../../database/Graphite/300/Graphite300_17
1192,../../../../../../../database/Graphite/300/Graphite300_97
1193,../../../../../../../database/Graphite/300/Graphite300_62
1194,../../../../../../../database/Graphite/300/Graphite300_60
1195,../../../../../../../database/Graphite/300/Graphite300_81
1196,../../../../../../../database/Graphite/300/Graphite300_46
1197,../../../../../../../database/Graphite/300/Graphite300_76
1198,../../../../../../../database/Graphite/300/Graphite300_71
1199,../../../../../../../database/Graphite/300/Graphite300_47
1200,../../../../../../../database/Graphite/600/Graphite600_6
1201,../../../../../../../database/Graphite/600/Graphite600_79
1202,../../../../../../../database/Graphite/600/Graphite600_57
1203,../../../../../../../database/Graphite/600/Graphite600_17
1204,../../../../../../../database/Graphite/600/Graphite600_16
1205,../../../../../../../database/Graphite/600/Graphite600_95
1206,../../../../../../../database/Graphite/600/Graphite600_28
1207,../../../../../../../database/Graphite/600/Graphite600_98
1208,../../../../../../../database/Graphite/600/Graphite600_62
1209,../../../../../../../database/Graphite/600/Graphite600_31
1210,../../../../../../../database/Graphite/600/Graphite600_50
1211,../../../../../../../database/Graphite/600/Graphite600_35
1212,../../../../../../../database/Graphite/600/Graphite600_9
1213,../../../../../../../database/Graphite/600/Graphite600_90
1214,../../../../../../../database/Graphite/600/Graphite600_19
1215,../../../../../../../database/Graphite/600/Graphite600_7
1216,../../../../../../../database/Graphite/600/Graphite600_100
1217,../../../../../../../database/Graphite/600/Graphite600_34
1218,../../../../../../../database/Graphite/600/Graphite600_15
1219,../../../../../../../database/Graphite/600/Graphite600_89
1220,../../../../../../../database/Graphite/600/Graphite600_83
1221,../../../../../../../database/Graphite/600/Graphite600_78
1222,../../../../../../../database/Graphite/600/Graphite600_5
1223,../../../../../../../database/Graphite/600/Graphite600_52
1224,../../../../../../../database/Graphite/600/Graphite600_93
1225,../../../../../../../database/Graphite/600/Graphite600_41
1226,../../../../../../../database/Graphite/600/Graphite600_38
1227,../../../../../../../database/Graphite/600/Graphite600_74
1228,../../../../../../../database/Graphite/600/Graphite600_77
1229,../../../../../../../database/Graphite/600/Graphite600_76
1230,../../../../../../../database/Graphite/600/Graphite600_56
1231,../../../../../../../database/Graphite/600/Graphite600_91
1232,../../../../../../../database/Graphite/600/Graphite600_60
1233,../../../../../../../database/Graphite/600/Graphite600_23
1234,../../../../../../../database/Graphite/600/Graphite600_66
1235,../../../../../../../database/Graphite/600/Graphite600_68
1236,../../../../../../../database/Graphite/600/Graphite600_59
1237,../../../../../../../database/Graphite/600/Graphite600_69
1238,../../../../../../../database/Graphite/600/Graphite600_44
1239,../../../../../../../database/Graphite/600/Graphite600_29
1240,../../../../../../../database/Graphite/600/Graphite600_2
1241,../../../../../../../database/Graphite/600/Graphite600_53
1242,../../../../../../../database/Graphite/600/Graphite600_1
1243,../../../../../../../database/Graphite/600/Graphite600_55
1244,../../../../../../../database/Graphite/600/Graphite600_27
1245,../../../../../../../database/Graphite/600/Graphite600_61
1246,../../../../../../../database/Graphite/600/Graphite600_99
1247,../../../../../../../database/Graphite/600/Graphite600_12
1248,../../../../../../../database/Graphite/600/Graphite600_92
1249,../../../../../../../database/Graphite/600/Graphite600_80
1250,../../../../../../../database/Graphite/600/Graphite600_25
1251,../../../../../../../database/Graphite/600/Graphite600_64
1252,../../../../../../../database/Graphite/600/Graphite600_21
1253,../../../../../../../database/Graphite/600/Graphite600_14
1254,../../../../../../../database/Graphite/600/Graphite600_43
1255,../../../../../../../database/Graphite/600/Graphite600_30
1256,../../../../../../../database/Graphite/600/Graphite600_51
1257,../../../../../../../database/Graphite/600/Graphite600_87
1258,../../../../../../../database/Graphite/600/Graphite600_58
1259,../../../../../../../database/Graphite/600/Graphite600_71
1260,../../../../../../../database/Graphite/600/Graphite600_45
1261,../../../../../../../database/Graphite/600/Graphite600_42
1262,../../../../../../../database/Graphite/600/Graphite600_81
1263,../../../../../../../database/Graphite/600/Graphite600_37
1264,../../../../../../../database/Graphite/600/Graphite600_82
1265,../../../../../../../database/Graphite/600/Graphite600_20
1266,../../../../../../../database/Graphite/600/Graphite600_32
1267,../../../../../../../database/Graphite/600/Graphite600_4
1268,../../../../../../../database/Graphite/600/Graphite600_67
1269,../../../../../../../database/Graphite/600/Graphite600_40
1270,../../../../../../../database/Graphite/600/Graphite600_72
1271,../../../../../../../database/Graphite/600/Graphite600_65
1272,../../../../../../../database/Graphite/600/Graphite600_88
1273,../../../../../../../database/Graphite/600/Graphite600_26
1274,../../../../../../../database/Graphite/600/Graphite600_33
1275,../../../../../../../database/Graphite/600/Graphite600_63
1276,../../../../../../../database/Graphite/600/Graphite600_54
1277,../../../../../../../database/Graphite/600/Graphite600_73
1278,../../../../../../../database/Graphite/600/Graphite600_24
1279,../../../../../../../database/Graphite/600/Graphite600_46
